Title,Price,Rating,Colors,Size,Gender,Timestamp
T-shirt 2,102.15,3.9,3,M,Women,2025-06-04T09:51:20.057908
Hoodie 3,496.88,4.8,3,L,Unisex,2025-06-04T09:51:20.058118
Pants 4,467.31,3.3,3,XL,Men,2025-06-04T09:51:20.058322
Outerwear 5,321.59,3.5,3,XXL,Women,2025-06-04T09:51:20.058533
Jacket 6,153.37,3.3,3,S,Unisex,2025-06-04T09:51:20.058737
Crewneck 7,430.75,4.3,3,M,Men,2025-06-04T09:51:20.058946
T-shirt 8,487.66,3.1,3,L,Women,2025-06-04T09:51:20.059148
Hoodie 9,248.26,3.2,3,XL,Unisex,2025-06-04T09:51:20.059353
Pants 10,193.76,4.2,3,XXL,Men,2025-06-04T09:51:20.059551
Jacket 12,532.99,3.9,3,M,Unisex,2025-06-04T09:51:20.059953
Crewneck 13,340.45,3.2,3,L,Men,2025-06-04T09:51:20.060150
T-shirt 14,203.05,3.8,3,XL,Women,2025-06-04T09:51:20.060347
Hoodie 15,136.51,3.6,3,XXL,Unisex,2025-06-04T09:51:20.060547
Outerwear 17,52.6,3.8,3,M,Women,2025-06-04T09:51:20.060941
Jacket 18,343.75,3.8,3,L,Unisex,2025-06-04T09:51:20.061139
Crewneck 19,81.81,3.6,3,XL,Men,2025-06-04T09:51:20.061343
T-shirt 20,82.85,3.4,3,XXL,Women,2025-06-04T09:51:20.061542
Pants 22,269.98,4.9,3,M,Men,2025-06-04T09:51:21.166922
Outerwear 23,290.99,3.7,3,L,Women,2025-06-04T09:51:21.167085
Jacket 24,513.97,3.9,3,XL,Unisex,2025-06-04T09:51:21.167244
Crewneck 25,520.16,3.3,3,XXL,Men,2025-06-04T09:51:21.167403
T-shirt 26,455.77,4.6,3,S,Women,2025-06-04T09:51:21.167571
Hoodie 27,221.99,4.8,3,M,Unisex,2025-06-04T09:51:21.167733
Pants 28,326.01,4.0,3,L,Men,2025-06-04T09:51:21.167895
Outerwear 29,53.85,3.1,3,XL,Women,2025-06-04T09:51:21.168052
Jacket 30,538.14,3.7,3,XXL,Unisex,2025-06-04T09:51:21.168211
T-shirt 32,416.12,3.4,3,M,Women,2025-06-04T09:51:21.168531
Hoodie 33,453.01,3.5,3,L,Unisex,2025-06-04T09:51:21.168692
Pants 34,522.67,3.8,3,XL,Men,2025-06-04T09:51:21.168891
Outerwear 35,84.76,3.8,3,XXL,Women,2025-06-04T09:51:21.169063
Jacket 36,453.08,3.7,3,S,Unisex,2025-06-04T09:51:21.169247
Crewneck 37,375.38,4.0,3,M,Men,2025-06-04T09:51:21.169406
T-shirt 38,304.13,3.2,3,L,Women,2025-06-04T09:51:21.169569
Hoodie 39,401.95,4.6,3,XL,Unisex,2025-06-04T09:51:21.169741
Pants 40,365.85,3.1,3,XXL,Men,2025-06-04T09:51:21.169903
Jacket 42,421.51,3.7,3,M,Unisex,2025-06-04T09:51:22.270029
Crewneck 43,181.85,4.5,3,L,Men,2025-06-04T09:51:22.270235
T-shirt 44,207.02,3.0,3,XL,Women,2025-06-04T09:51:22.270437
Hoodie 45,543.32,4.5,3,XXL,Unisex,2025-06-04T09:51:22.270638
Outerwear 47,397.79,3.2,3,M,Women,2025-06-04T09:51:22.271033
Jacket 48,312.17,3.4,3,L,Unisex,2025-06-04T09:51:22.271232
Crewneck 49,66.95,4.0,3,XL,Men,2025-06-04T09:51:22.271432
T-shirt 50,370.81,3.1,3,XXL,Women,2025-06-04T09:51:22.271629
Pants 52,99.78,4.0,3,M,Men,2025-06-04T09:51:22.272023
Outerwear 53,279.43,4.3,3,L,Women,2025-06-04T09:51:22.272224
Jacket 54,53.41,4.2,3,XL,Unisex,2025-06-04T09:51:22.272421
Crewneck 55,112.11,3.6,3,XXL,Men,2025-06-04T09:51:22.272621
T-shirt 56,290.19,3.8,3,S,Women,2025-06-04T09:51:22.272815
Hoodie 57,197.21,4.9,3,M,Unisex,2025-06-04T09:51:22.273011
Pants 58,102.36,4.4,3,L,Men,2025-06-04T09:51:22.273207
Outerwear 59,140.89,4.6,3,XL,Women,2025-06-04T09:51:22.273403
Jacket 60,210.97,4.2,3,XXL,Unisex,2025-06-04T09:51:22.273598
T-shirt 62,86.03,3.8,3,M,Women,2025-06-04T09:51:23.404492
Hoodie 63,404.95,3.6,3,L,Unisex,2025-06-04T09:51:23.404689
Pants 64,483.03,4.0,3,XL,Men,2025-06-04T09:51:23.404881
Outerwear 65,149.12,4.1,3,XXL,Women,2025-06-04T09:51:23.405073
Jacket 66,272.07,3.5,3,S,Unisex,2025-06-04T09:51:23.405269
Crewneck 67,529.42,3.5,3,M,Men,2025-06-04T09:51:23.405461
T-shirt 68,501.58,4.0,3,L,Women,2025-06-04T09:51:23.405653
Hoodie 69,64.24,3.6,3,XL,Unisex,2025-06-04T09:51:23.405844
Pants 70,73.21,4.4,3,XXL,Men,2025-06-04T09:51:23.406036
Jacket 72,236.0,4.4,3,M,Unisex,2025-06-04T09:51:23.406423
Crewneck 73,153.77,3.0,3,L,Men,2025-06-04T09:51:23.406617
T-shirt 74,481.55,3.8,3,XL,Women,2025-06-04T09:51:23.406813
Hoodie 75,131.36,4.3,3,XXL,Unisex,2025-06-04T09:51:23.407005
Outerwear 77,53.86,3.7,3,M,Women,2025-06-04T09:51:23.407390
Jacket 78,169.78,4.3,3,L,Unisex,2025-06-04T09:51:23.407582
Crewneck 79,206.85,4.6,3,XL,Men,2025-06-04T09:51:23.407782
T-shirt 80,261.15,4.5,3,XXL,Women,2025-06-04T09:51:23.407973
Pants 82,519.72,4.8,3,M,Men,2025-06-04T09:51:24.516059
Outerwear 83,246.74,3.7,3,L,Women,2025-06-04T09:51:24.516224
Jacket 84,176.63,4.8,3,XL,Unisex,2025-06-04T09:51:24.516390
Crewneck 85,285.26,3.5,3,XXL,Men,2025-06-04T09:51:24.516556
T-shirt 86,104.43,3.9,3,S,Women,2025-06-04T09:51:24.516730
Hoodie 87,491.89,4.3,3,M,Unisex,2025-06-04T09:51:24.516893
Pants 88,474.4,3.1,3,L,Men,2025-06-04T09:51:24.517086
Outerwear 89,303.52,3.0,3,XL,Women,2025-06-04T09:51:24.517270
Jacket 90,447.5,4.0,3,XXL,Unisex,2025-06-04T09:51:24.517439
T-shirt 92,313.27,3.5,3,M,Women,2025-06-04T09:51:24.517781
Hoodie 93,85.33,3.6,3,L,Unisex,2025-06-04T09:51:24.518152
Pants 94,67.18,4.3,3,XL,Men,2025-06-04T09:51:24.518361
Outerwear 95,378.89,3.5,3,XXL,Women,2025-06-04T09:51:24.518545
Jacket 96,287.39,4.9,3,S,Unisex,2025-06-04T09:51:24.518849
Crewneck 97,382.07,3.9,3,M,Men,2025-06-04T09:51:24.519029
T-shirt 98,537.31,3.1,3,L,Women,2025-06-04T09:51:24.519544
Hoodie 99,314.25,3.6,3,XL,Unisex,2025-06-04T09:51:24.519713
Pants 100,138.58,4.6,3,XXL,Men,2025-06-04T09:51:24.519882
Jacket 102,240.04,3.3,3,M,Unisex,2025-06-04T09:51:25.621844
Crewneck 103,145.73,3.5,3,L,Men,2025-06-04T09:51:25.622041
T-shirt 104,148.4,3.8,3,XL,Women,2025-06-04T09:51:25.622236
Hoodie 105,313.74,4.2,3,XXL,Unisex,2025-06-04T09:51:25.622430
Outerwear 107,414.07,4.0,3,M,Women,2025-06-04T09:51:25.622807
Jacket 108,346.98,4.8,3,L,Unisex,2025-06-04T09:51:25.622998
Crewneck 109,367.93,3.3,3,XL,Men,2025-06-04T09:51:25.623189
T-shirt 110,449.82,4.6,3,XXL,Women,2025-06-04T09:51:25.623379
Pants 112,266.37,3.3,3,M,Men,2025-06-04T09:51:25.623759
Outerwear 113,279.5,3.7,3,L,Women,2025-06-04T09:51:25.623949
Jacket 114,336.66,4.9,3,XL,Unisex,2025-06-04T09:51:25.624145
Crewneck 115,120.83,4.5,3,XXL,Men,2025-06-04T09:51:25.624360
T-shirt 116,217.16,3.0,3,S,Women,2025-06-04T09:51:25.624575
Hoodie 117,211.02,5.0,3,M,Unisex,2025-06-04T09:51:25.624766
Pants 118,349.09,3.2,3,L,Men,2025-06-04T09:51:25.624957
Outerwear 119,222.61,3.4,3,XL,Women,2025-06-04T09:51:25.625151
Jacket 120,467.52,4.0,3,XXL,Unisex,2025-06-04T09:51:25.625341
T-shirt 122,122.62,3.6,3,M,Women,2025-06-04T09:51:26.782923
Hoodie 123,281.13,3.8,3,L,Unisex,2025-06-04T09:51:26.783124
Pants 124,438.97,3.2,3,XL,Men,2025-06-04T09:51:26.783315
Outerwear 125,437.39,4.2,3,XXL,Women,2025-06-04T09:51:26.783505
Jacket 126,276.63,3.9,3,S,Unisex,2025-06-04T09:51:26.783696
Crewneck 127,519.48,4.0,3,M,Men,2025-06-04T09:51:26.783885
T-shirt 128,279.17,3.8,3,L,Women,2025-06-04T09:51:26.784075
Hoodie 129,158.28,4.5,3,XL,Unisex,2025-06-04T09:51:26.784266
Pants 130,412.72,4.8,3,XXL,Men,2025-06-04T09:51:26.784456
Jacket 132,404.68,4.2,3,M,Unisex,2025-06-04T09:51:26.784836
Crewneck 133,126.02,4.7,3,L,Men,2025-06-04T09:51:26.785026
T-shirt 134,371.09,3.2,3,XL,Women,2025-06-04T09:51:26.785215
Hoodie 135,321.34,4.7,3,XXL,Unisex,2025-06-04T09:51:26.785404
Outerwear 137,436.77,4.5,3,M,Women,2025-06-04T09:51:26.785782
Jacket 138,289.72,3.4,3,L,Unisex,2025-06-04T09:51:26.785972
Crewneck 139,503.32,4.5,3,XL,Men,2025-06-04T09:51:26.786160
T-shirt 140,425.69,3.5,3,XXL,Women,2025-06-04T09:51:26.786352
Pants 142,145.33,4.9,3,M,Men,2025-06-04T09:51:28.024805
Outerwear 143,209.16,4.9,3,L,Women,2025-06-04T09:51:28.024999
Jacket 144,359.89,4.3,3,XL,Unisex,2025-06-04T09:51:28.025193
Crewneck 145,217.05,4.8,3,XXL,Men,2025-06-04T09:51:28.025388
T-shirt 146,480.54,4.3,3,S,Women,2025-06-04T09:51:28.025578
Hoodie 147,190.8,5.0,3,M,Unisex,2025-06-04T09:51:28.025773
Pants 148,377.09,4.7,3,L,Men,2025-06-04T09:51:28.025964
Outerwear 149,194.12,3.2,3,XL,Women,2025-06-04T09:51:28.026156
Jacket 150,93.79,3.6,3,XXL,Unisex,2025-06-04T09:51:28.026347
T-shirt 152,393.04,4.2,3,M,Women,2025-06-04T09:51:28.026728
Hoodie 153,166.29,4.3,3,L,Unisex,2025-06-04T09:51:28.026917
Pants 154,146.09,3.0,3,XL,Men,2025-06-04T09:51:28.027107
Outerwear 155,236.45,4.1,3,XXL,Women,2025-06-04T09:51:28.027297
Jacket 156,415.32,3.6,3,S,Unisex,2025-06-04T09:51:28.027487
Crewneck 157,69.11,4.0,3,M,Men,2025-06-04T09:51:28.027677
T-shirt 158,457.57,4.0,3,L,Women,2025-06-04T09:51:28.027869
Hoodie 159,148.23,4.9,3,XL,Unisex,2025-06-04T09:51:28.028059
Pants 160,175.18,3.4,3,XXL,Men,2025-06-04T09:51:28.028248
Jacket 162,96.49,4.5,3,M,Unisex,2025-06-04T09:51:29.150514
Crewneck 163,491.37,4.4,3,L,Men,2025-06-04T09:51:29.150671
T-shirt 164,219.5,3.9,3,XL,Women,2025-06-04T09:51:29.150825
Hoodie 165,432.58,4.9,3,XXL,Unisex,2025-06-04T09:51:29.150979
Outerwear 167,204.61,3.1,3,M,Women,2025-06-04T09:51:29.151350
Jacket 168,54.4,4.4,3,L,Unisex,2025-06-04T09:51:29.151514
Crewneck 169,502.05,4.7,3,XL,Men,2025-06-04T09:51:29.151668
T-shirt 170,417.37,4.5,3,XXL,Women,2025-06-04T09:51:29.151857
Pants 172,97.88,4.9,3,M,Men,2025-06-04T09:51:29.152247
Outerwear 173,439.66,4.6,3,L,Women,2025-06-04T09:51:29.152436
Jacket 174,392.64,3.3,3,XL,Unisex,2025-06-04T09:51:29.152602
Crewneck 175,507.82,4.5,3,XXL,Men,2025-06-04T09:51:29.152756
T-shirt 176,381.52,3.6,3,S,Women,2025-06-04T09:51:29.152910
Hoodie 177,118.15,4.6,3,M,Unisex,2025-06-04T09:51:29.153065
Pants 178,386.51,3.0,3,L,Men,2025-06-04T09:51:29.153219
Outerwear 179,363.54,3.5,3,XL,Women,2025-06-04T09:51:29.153373
Jacket 180,347.04,3.9,3,XXL,Unisex,2025-06-04T09:51:29.153527
T-shirt 182,145.93,3.8,3,M,Women,2025-06-04T09:51:30.260893
Hoodie 183,244.04,3.6,3,L,Unisex,2025-06-04T09:51:30.261088
Pants 184,484.97,4.5,3,XL,Men,2025-06-04T09:51:30.261278
Outerwear 185,488.93,3.2,3,XXL,Women,2025-06-04T09:51:30.261468
Jacket 186,433.78,4.2,3,S,Unisex,2025-06-04T09:51:30.261658
Crewneck 187,416.47,3.8,3,M,Men,2025-06-04T09:51:30.261848
T-shirt 188,245.49,4.4,3,L,Women,2025-06-04T09:51:30.262037
Hoodie 189,121.67,4.0,3,XL,Unisex,2025-06-04T09:51:30.262227
Pants 190,138.81,4.5,3,XXL,Men,2025-06-04T09:51:30.262435
Jacket 192,316.64,3.8,3,M,Unisex,2025-06-04T09:51:30.262933
Crewneck 193,459.73,4.1,3,L,Men,2025-06-04T09:51:30.263123
T-shirt 194,176.17,4.9,3,XL,Women,2025-06-04T09:51:30.263329
Hoodie 195,450.56,4.9,3,XXL,Unisex,2025-06-04T09:51:30.263519
Outerwear 197,355.1,4.9,3,M,Women,2025-06-04T09:51:30.263908
Jacket 198,339.69,4.5,3,L,Unisex,2025-06-04T09:51:30.264099
Crewneck 199,421.52,3.1,3,XL,Men,2025-06-04T09:51:30.264289
T-shirt 200,393.12,3.5,3,XXL,Women,2025-06-04T09:51:30.264482
Pants 202,349.53,3.3,3,M,Men,2025-06-04T09:51:31.369424
Outerwear 203,134.0,3.4,3,L,Women,2025-06-04T09:51:31.369619
Jacket 204,376.94,3.9,3,XL,Unisex,2025-06-04T09:51:31.369810
Crewneck 205,402.18,3.2,3,XXL,Men,2025-06-04T09:51:31.369998
T-shirt 206,292.17,4.5,3,S,Women,2025-06-04T09:51:31.370188
Hoodie 207,381.34,3.5,3,M,Unisex,2025-06-04T09:51:31.370377
Pants 208,289.85,3.1,3,L,Men,2025-06-04T09:51:31.370565
Outerwear 209,498.79,4.3,3,XL,Women,2025-06-04T09:51:31.370758
Jacket 210,489.21,4.7,3,XXL,Unisex,2025-06-04T09:51:31.370948
T-shirt 212,549.68,4.7,3,M,Women,2025-06-04T09:51:31.371327
Hoodie 213,359.25,3.6,3,L,Unisex,2025-06-04T09:51:31.371521
Pants 214,269.73,4.9,3,XL,Men,2025-06-04T09:51:31.371711
Outerwear 215,90.6,3.8,3,XXL,Women,2025-06-04T09:51:31.371900
Jacket 216,286.03,4.6,3,S,Unisex,2025-06-04T09:51:31.372089
Crewneck 217,360.81,4.8,3,M,Men,2025-06-04T09:51:31.372278
T-shirt 218,350.02,3.1,3,L,Women,2025-06-04T09:51:31.372467
Hoodie 219,354.44,4.6,3,XL,Unisex,2025-06-04T09:51:31.372660
Pants 220,209.85,3.2,3,XXL,Men,2025-06-04T09:51:31.372850
Jacket 222,464.88,3.4,3,M,Unisex,2025-06-04T09:51:32.485070
Crewneck 223,59.56,4.8,3,L,Men,2025-06-04T09:51:32.485260
T-shirt 224,220.91,4.5,3,XL,Women,2025-06-04T09:51:32.485451
Hoodie 225,327.05,3.5,3,XXL,Unisex,2025-06-04T09:51:32.485643
Outerwear 227,421.41,4.8,3,M,Women,2025-06-04T09:51:32.486024
Jacket 228,504.8,4.5,3,L,Unisex,2025-06-04T09:51:32.486214
Crewneck 229,193.87,4.9,3,XL,Men,2025-06-04T09:51:32.486404
T-shirt 230,445.83,4.5,3,XXL,Women,2025-06-04T09:51:32.486594
Pants 232,520.46,4.0,3,M,Men,2025-06-04T09:51:32.486974
Outerwear 233,52.96,4.8,3,L,Women,2025-06-04T09:51:32.487164
Jacket 234,72.45,4.5,3,XL,Unisex,2025-06-04T09:51:32.487354
Crewneck 235,410.02,3.4,3,XXL,Men,2025-06-04T09:51:32.487543
T-shirt 236,343.27,3.9,3,S,Women,2025-06-04T09:51:32.487732
Hoodie 237,296.47,3.1,3,M,Unisex,2025-06-04T09:51:32.487922
Pants 238,518.87,3.8,3,L,Men,2025-06-04T09:51:32.488114
Outerwear 239,495.88,3.1,3,XL,Women,2025-06-04T09:51:32.488314
Jacket 240,475.0,3.8,3,XXL,Unisex,2025-06-04T09:51:32.488504
T-shirt 242,302.1,3.4,3,M,Women,2025-06-04T09:51:33.599450
Hoodie 243,210.73,3.1,3,L,Unisex,2025-06-04T09:51:33.599601
Pants 244,507.26,3.1,3,XL,Men,2025-06-04T09:51:33.599751
Outerwear 245,90.73,4.0,3,XXL,Women,2025-06-04T09:51:33.599902
Jacket 246,545.94,3.1,3,S,Unisex,2025-06-04T09:51:33.600051
Crewneck 247,548.07,3.0,3,M,Men,2025-06-04T09:51:33.600201
T-shirt 248,142.5,4.5,3,L,Women,2025-06-04T09:51:33.600350
Hoodie 249,134.34,4.2,3,XL,Unisex,2025-06-04T09:51:33.600505
Pants 250,269.64,3.1,3,XXL,Men,2025-06-04T09:51:33.600675
Jacket 252,525.53,3.2,3,M,Unisex,2025-06-04T09:51:33.600985
Crewneck 253,115.92,3.9,3,L,Men,2025-06-04T09:51:33.601133
T-shirt 254,374.01,3.9,3,XL,Women,2025-06-04T09:51:33.601292
Hoodie 255,229.25,4.1,3,XXL,Unisex,2025-06-04T09:51:33.601439
Outerwear 257,442.07,5.0,3,M,Women,2025-06-04T09:51:33.601733
Jacket 258,130.04,4.7,3,L,Unisex,2025-06-04T09:51:33.601882
Crewneck 259,142.22,3.3,3,XL,Men,2025-06-04T09:51:33.602028
T-shirt 260,391.97,3.5,3,XXL,Women,2025-06-04T09:51:33.602174
Pants 262,68.61,3.4,3,M,Men,2025-06-04T09:51:34.719488
Outerwear 263,117.4,4.2,3,L,Women,2025-06-04T09:51:34.719679
Jacket 264,128.94,4.8,3,XL,Unisex,2025-06-04T09:51:34.719869
Crewneck 265,155.19,3.5,3,XXL,Men,2025-06-04T09:51:34.720058
T-shirt 266,302.63,4.6,3,S,Women,2025-06-04T09:51:34.720390
Hoodie 267,255.39,4.3,3,M,Unisex,2025-06-04T09:51:34.720818
Pants 268,312.82,3.6,3,L,Men,2025-06-04T09:51:34.721090
Outerwear 269,504.62,3.1,3,XL,Women,2025-06-04T09:51:34.721279
Jacket 270,160.57,4.2,3,XXL,Unisex,2025-06-04T09:51:34.721468
T-shirt 272,363.24,3.3,3,M,Women,2025-06-04T09:51:34.721846
Hoodie 273,330.71,4.9,3,L,Unisex,2025-06-04T09:51:34.722035
Pants 274,229.33,4.2,3,XL,Men,2025-06-04T09:51:34.722228
Outerwear 275,348.46,4.8,3,XXL,Women,2025-06-04T09:51:34.722419
Jacket 276,63.35,4.3,3,S,Unisex,2025-06-04T09:51:34.722608
Crewneck 277,148.98,4.7,3,M,Men,2025-06-04T09:51:34.722800
T-shirt 278,130.46,3.8,3,L,Women,2025-06-04T09:51:34.722989
Hoodie 279,349.52,4.7,3,XL,Unisex,2025-06-04T09:51:34.723178
Pants 280,468.84,3.9,3,XXL,Men,2025-06-04T09:51:34.723367
Jacket 282,139.19,3.0,3,M,Unisex,2025-06-04T09:51:36.703172
Crewneck 283,414.57,3.2,3,L,Men,2025-06-04T09:51:36.703369
T-shirt 284,410.5,3.6,3,XL,Women,2025-06-04T09:51:36.703560
Hoodie 285,188.07,3.2,3,XXL,Unisex,2025-06-04T09:51:36.703815
Outerwear 287,329.6,3.7,3,M,Women,2025-06-04T09:51:36.704201
Jacket 288,195.19,4.1,3,L,Unisex,2025-06-04T09:51:36.704401
Crewneck 289,55.5,4.0,3,XL,Men,2025-06-04T09:51:36.704596
T-shirt 290,401.57,4.2,3,XXL,Women,2025-06-04T09:51:36.704808
Pants 292,149.03,3.9,3,M,Men,2025-06-04T09:51:36.705205
Outerwear 293,73.51,4.5,3,L,Women,2025-06-04T09:51:36.705406
Jacket 294,371.7,3.8,3,XL,Unisex,2025-06-04T09:51:36.705599
Crewneck 295,454.17,4.9,3,XXL,Men,2025-06-04T09:51:36.705790
T-shirt 296,73.26,3.1,3,S,Women,2025-06-04T09:51:36.705979
Hoodie 297,487.57,3.6,3,M,Unisex,2025-06-04T09:51:36.706172
Pants 298,151.63,4.8,3,L,Men,2025-06-04T09:51:36.706364
Outerwear 299,121.74,4.3,3,XL,Women,2025-06-04T09:51:36.706558
Jacket 300,400.53,4.0,3,XXL,Unisex,2025-06-04T09:51:36.706749
T-shirt 302,356.95,3.2,3,M,Women,2025-06-04T09:51:38.370276
Hoodie 303,498.41,4.1,3,L,Unisex,2025-06-04T09:51:38.370436
Pants 304,445.61,3.4,3,XL,Men,2025-06-04T09:51:38.370593
Outerwear 305,395.34,4.5,3,XXL,Women,2025-06-04T09:51:38.370793
Jacket 306,473.44,4.2,3,S,Unisex,2025-06-04T09:51:38.370961
Crewneck 307,483.45,3.7,3,M,Men,2025-06-04T09:51:38.371117
T-shirt 308,255.38,4.1,3,L,Women,2025-06-04T09:51:38.371273
Hoodie 309,247.07,4.8,3,XL,Unisex,2025-06-04T09:51:38.371428
Pants 310,395.58,4.7,3,XXL,Men,2025-06-04T09:51:38.371588
Jacket 312,454.19,3.8,3,M,Unisex,2025-06-04T09:51:38.371905
Crewneck 313,121.77,3.1,3,L,Men,2025-06-04T09:51:38.372060
T-shirt 314,376.07,3.2,3,XL,Women,2025-06-04T09:51:38.372225
Hoodie 315,438.93,3.1,3,XXL,Unisex,2025-06-04T09:51:38.372390
Outerwear 317,328.69,3.3,3,M,Women,2025-06-04T09:51:38.372699
Jacket 318,354.2,3.7,3,L,Unisex,2025-06-04T09:51:38.372854
Crewneck 319,192.87,3.3,3,XL,Men,2025-06-04T09:51:38.373010
T-shirt 320,51.84,3.3,3,XXL,Women,2025-06-04T09:51:38.373164
Pants 322,488.15,3.2,3,M,Men,2025-06-04T09:51:39.491182
Outerwear 323,529.25,3.1,3,L,Women,2025-06-04T09:51:39.491374
Jacket 324,380.17,3.3,3,XL,Unisex,2025-06-04T09:51:39.491570
Crewneck 325,187.61,3.4,3,XXL,Men,2025-06-04T09:51:39.491761
T-shirt 326,282.46,4.9,3,S,Women,2025-06-04T09:51:39.491952
Hoodie 327,415.09,4.4,3,M,Unisex,2025-06-04T09:51:39.492143
Pants 328,358.31,4.5,3,L,Men,2025-06-04T09:51:39.492344
Outerwear 329,420.26,4.7,3,XL,Women,2025-06-04T09:51:39.492591
Jacket 330,99.45,4.3,3,XXL,Unisex,2025-06-04T09:51:39.492808
T-shirt 332,145.98,3.4,3,M,Women,2025-06-04T09:51:39.493203
Hoodie 333,109.13,4.8,3,L,Unisex,2025-06-04T09:51:39.493396
Pants 334,150.59,3.8,3,XL,Men,2025-06-04T09:51:39.493590
Outerwear 335,176.67,3.0,3,XXL,Women,2025-06-04T09:51:39.493782
Jacket 336,389.86,5.0,3,S,Unisex,2025-06-04T09:51:39.493975
Crewneck 337,538.05,4.3,3,M,Men,2025-06-04T09:51:39.494174
T-shirt 338,180.21,3.9,3,L,Women,2025-06-04T09:51:39.494371
Hoodie 339,276.55,4.9,3,XL,Unisex,2025-06-04T09:51:39.494575
Pants 340,373.45,4.3,3,XXL,Men,2025-06-04T09:51:39.494766
Jacket 342,114.23,4.8,3,M,Unisex,2025-06-04T09:51:40.597004
Crewneck 343,142.44,4.1,3,L,Men,2025-06-04T09:51:40.597197
T-shirt 344,213.48,4.5,3,XL,Women,2025-06-04T09:51:40.597392
Hoodie 345,473.59,3.3,3,XXL,Unisex,2025-06-04T09:51:40.597585
Outerwear 347,436.63,4.7,3,M,Women,2025-06-04T09:51:40.597965
Jacket 348,199.69,4.6,3,L,Unisex,2025-06-04T09:51:40.598160
Crewneck 349,380.35,3.5,3,XL,Men,2025-06-04T09:51:40.598354
T-shirt 350,502.98,5.0,3,XXL,Women,2025-06-04T09:51:40.598551
Pants 352,177.43,4.0,3,M,Men,2025-06-04T09:51:40.598939
Outerwear 353,60.1,3.6,3,L,Women,2025-06-04T09:51:40.599133
Jacket 354,143.42,3.8,3,XL,Unisex,2025-06-04T09:51:40.599331
Crewneck 355,265.41,3.2,3,XXL,Men,2025-06-04T09:51:40.599529
T-shirt 356,446.88,4.3,3,S,Women,2025-06-04T09:51:40.599722
Hoodie 357,233.71,3.6,3,M,Unisex,2025-06-04T09:51:40.599913
Pants 358,529.97,3.9,3,L,Men,2025-06-04T09:51:40.600104
Outerwear 359,106.03,4.3,3,XL,Women,2025-06-04T09:51:40.600296
Jacket 360,549.27,4.8,3,XXL,Unisex,2025-06-04T09:51:40.600488
T-shirt 362,298.55,5.0,3,M,Women,2025-06-04T09:51:41.706973
Hoodie 363,73.21,3.2,3,L,Unisex,2025-06-04T09:51:41.707168
Pants 364,310.8,4.8,3,XL,Men,2025-06-04T09:51:41.707360
Outerwear 365,434.78,4.5,3,XXL,Women,2025-06-04T09:51:41.707557
Jacket 366,365.93,4.9,3,S,Unisex,2025-06-04T09:51:41.707750
Crewneck 367,522.46,4.9,3,M,Men,2025-06-04T09:51:41.707943
T-shirt 368,60.32,3.2,3,L,Women,2025-06-04T09:51:41.708135
Hoodie 369,450.31,4.7,3,XL,Unisex,2025-06-04T09:51:41.708329
Pants 370,284.98,3.6,3,XXL,Men,2025-06-04T09:51:41.708520
Jacket 372,315.81,3.6,3,M,Unisex,2025-06-04T09:51:41.708903
Crewneck 373,139.44,3.6,3,L,Men,2025-06-04T09:51:41.709100
T-shirt 374,481.07,3.9,3,XL,Women,2025-06-04T09:51:41.709290
Hoodie 375,439.22,3.9,3,XXL,Unisex,2025-06-04T09:51:41.709480
Outerwear 377,425.13,4.8,3,M,Women,2025-06-04T09:51:41.709859
Jacket 378,212.65,3.6,3,L,Unisex,2025-06-04T09:51:41.710053
Crewneck 379,247.7,4.4,3,XL,Men,2025-06-04T09:51:41.710250
T-shirt 380,159.19,3.8,3,XXL,Women,2025-06-04T09:51:41.710443
Pants 382,84.76,4.4,3,M,Men,2025-06-04T09:51:42.830565
Outerwear 383,214.44,3.4,3,L,Women,2025-06-04T09:51:42.830756
Jacket 384,90.81,3.3,3,XL,Unisex,2025-06-04T09:51:42.830947
Crewneck 385,496.92,4.9,3,XXL,Men,2025-06-04T09:51:42.831136
T-shirt 386,299.6,4.6,3,S,Women,2025-06-04T09:51:42.831327
Hoodie 387,526.13,4.2,3,M,Unisex,2025-06-04T09:51:42.831516
Pants 388,58.2,3.1,3,L,Men,2025-06-04T09:51:42.831707
Outerwear 389,180.2,5.0,3,XL,Women,2025-06-04T09:51:42.831897
Jacket 390,339.56,3.3,3,XXL,Unisex,2025-06-04T09:51:42.832088
T-shirt 392,76.63,4.4,3,M,Women,2025-06-04T09:51:42.832469
Hoodie 393,254.28,3.2,3,L,Unisex,2025-06-04T09:51:42.832666
Pants 394,221.25,3.3,3,XL,Men,2025-06-04T09:51:42.832857
Outerwear 395,193.67,4.0,3,XXL,Women,2025-06-04T09:51:42.833048
Jacket 396,156.58,3.9,3,S,Unisex,2025-06-04T09:51:42.833241
Crewneck 397,53.46,3.6,3,M,Men,2025-06-04T09:51:42.833435
T-shirt 398,287.05,4.7,3,L,Women,2025-06-04T09:51:42.833626
Hoodie 399,157.72,3.6,3,XL,Unisex,2025-06-04T09:51:42.833823
Pants 400,376.29,4.7,3,XXL,Men,2025-06-04T09:51:42.834013
Jacket 402,126.82,4.6,3,M,Unisex,2025-06-04T09:51:43.943468
Crewneck 403,98.77,4.1,3,L,Men,2025-06-04T09:51:43.943659
T-shirt 404,218.82,4.9,3,XL,Women,2025-06-04T09:51:43.943848
Hoodie 405,317.51,3.8,3,XXL,Unisex,2025-06-04T09:51:43.944039
Outerwear 407,172.58,3.7,3,M,Women,2025-06-04T09:51:43.944419
Jacket 408,261.0,4.9,3,L,Unisex,2025-06-04T09:51:43.944609
Crewneck 409,201.36,3.5,3,XL,Men,2025-06-04T09:51:43.944800
T-shirt 410,99.17,3.1,3,XXL,Women,2025-06-04T09:51:43.945092
Pants 412,339.89,4.4,3,M,Men,2025-06-04T09:51:43.945471
Outerwear 413,81.65,3.4,3,L,Women,2025-06-04T09:51:43.945661
Jacket 414,139.67,3.7,3,XL,Unisex,2025-06-04T09:51:43.945850
Crewneck 415,226.09,3.1,3,XXL,Men,2025-06-04T09:51:43.946042
T-shirt 416,278.38,3.1,3,S,Women,2025-06-04T09:51:43.946232
Hoodie 417,173.09,4.6,3,M,Unisex,2025-06-04T09:51:43.946423
Pants 418,394.24,5.0,3,L,Men,2025-06-04T09:51:43.946613
Outerwear 419,437.75,5.0,3,XL,Women,2025-06-04T09:51:43.946805
Jacket 420,154.54,3.1,3,XXL,Unisex,2025-06-04T09:51:43.946995
T-shirt 422,57.77,3.9,3,M,Women,2025-06-04T09:51:45.070345
Hoodie 423,287.61,3.7,3,L,Unisex,2025-06-04T09:51:45.070537
Pants 424,241.61,4.4,3,XL,Men,2025-06-04T09:51:45.070728
Outerwear 425,158.03,4.8,3,XXL,Women,2025-06-04T09:51:45.070923
Jacket 426,216.4,3.4,3,S,Unisex,2025-06-04T09:51:45.071123
Crewneck 427,398.45,3.3,3,M,Men,2025-06-04T09:51:45.071314
T-shirt 428,440.82,4.9,3,L,Women,2025-06-04T09:51:45.071505
Hoodie 429,103.66,4.9,3,XL,Unisex,2025-06-04T09:51:45.071697
Pants 430,90.13,3.9,3,XXL,Men,2025-06-04T09:51:45.071890
Jacket 432,134.49,4.5,3,M,Unisex,2025-06-04T09:51:45.072271
Crewneck 433,242.03,4.2,3,L,Men,2025-06-04T09:51:45.072463
T-shirt 434,409.82,4.9,3,XL,Women,2025-06-04T09:51:45.072660
Hoodie 435,63.48,4.0,3,XXL,Unisex,2025-06-04T09:51:45.072851
Outerwear 437,63.55,3.9,3,M,Women,2025-06-04T09:51:45.073227
Jacket 438,153.32,4.5,3,L,Unisex,2025-06-04T09:51:45.073418
Crewneck 439,250.34,3.2,3,XL,Men,2025-06-04T09:51:45.073611
T-shirt 440,332.88,3.0,3,XXL,Women,2025-06-04T09:51:45.073801
Pants 442,293.85,4.3,3,M,Men,2025-06-04T09:51:46.190091
Outerwear 443,453.92,4.2,3,L,Women,2025-06-04T09:51:46.190282
Jacket 444,251.06,3.3,3,XL,Unisex,2025-06-04T09:51:46.190496
Crewneck 445,223.39,4.5,3,XXL,Men,2025-06-04T09:51:46.190691
T-shirt 446,483.76,3.2,3,S,Women,2025-06-04T09:51:46.190881
Hoodie 447,296.79,4.0,3,M,Unisex,2025-06-04T09:51:46.191073
Pants 448,51.26,4.4,3,L,Men,2025-06-04T09:51:46.191264
Outerwear 449,400.63,4.0,3,XL,Women,2025-06-04T09:51:46.191455
Jacket 450,547.18,3.1,3,XXL,Unisex,2025-06-04T09:51:46.191648
T-shirt 452,430.8,4.4,3,M,Women,2025-06-04T09:51:46.192030
Hoodie 453,411.06,4.2,3,L,Unisex,2025-06-04T09:51:46.192221
Pants 454,136.22,5.0,3,XL,Men,2025-06-04T09:51:46.192413
Outerwear 455,68.38,4.8,3,XXL,Women,2025-06-04T09:51:46.192607
Jacket 456,506.0,4.1,3,S,Unisex,2025-06-04T09:51:46.192797
Crewneck 457,458.93,4.8,3,M,Men,2025-06-04T09:51:46.193001
T-shirt 458,265.0,4.4,3,L,Women,2025-06-04T09:51:46.193193
Hoodie 459,202.33,3.5,3,XL,Unisex,2025-06-04T09:51:46.193384
Pants 460,117.55,3.6,3,XXL,Men,2025-06-04T09:51:46.193575
Jacket 462,422.99,4.5,3,M,Unisex,2025-06-04T09:51:47.381423
Crewneck 463,471.22,4.5,3,L,Men,2025-06-04T09:51:47.381627
T-shirt 464,379.38,4.5,3,XL,Women,2025-06-04T09:51:47.381820
Hoodie 465,385.27,4.7,3,XXL,Unisex,2025-06-04T09:51:47.382011
Outerwear 467,82.87,3.5,3,M,Women,2025-06-04T09:51:47.382392
Jacket 468,286.56,3.7,3,L,Unisex,2025-06-04T09:51:47.382585
Crewneck 469,108.68,4.2,3,XL,Men,2025-06-04T09:51:47.382896
T-shirt 470,483.68,3.1,3,XXL,Women,2025-06-04T09:51:47.383329
Pants 472,243.88,3.1,3,M,Men,2025-06-04T09:51:47.384198
Outerwear 473,342.38,4.2,3,L,Women,2025-06-04T09:51:47.384553
Jacket 474,366.56,4.7,3,XL,Unisex,2025-06-04T09:51:47.384746
Crewneck 475,438.58,4.6,3,XXL,Men,2025-06-04T09:51:47.384943
T-shirt 476,249.14,4.3,3,S,Women,2025-06-04T09:51:47.385132
Hoodie 477,414.13,4.2,3,M,Unisex,2025-06-04T09:51:47.385322
Pants 478,307.0,3.8,3,L,Men,2025-06-04T09:51:47.385512
Outerwear 479,456.4,4.4,3,XL,Women,2025-06-04T09:51:47.385732
Jacket 480,311.64,4.2,3,XXL,Unisex,2025-06-04T09:51:47.385965
T-shirt 482,209.53,4.8,3,M,Women,2025-06-04T09:51:48.551828
Hoodie 483,252.19,4.2,3,L,Unisex,2025-06-04T09:51:48.552021
Pants 484,401.79,4.1,3,XL,Men,2025-06-04T09:51:48.552213
Outerwear 485,252.78,4.7,3,XXL,Women,2025-06-04T09:51:48.552408
Jacket 486,160.86,3.0,3,S,Unisex,2025-06-04T09:51:48.552598
Crewneck 487,434.72,3.7,3,M,Men,2025-06-04T09:51:48.552789
T-shirt 488,549.36,3.8,3,L,Women,2025-06-04T09:51:48.552980
Hoodie 489,222.16,5.0,3,XL,Unisex,2025-06-04T09:51:48.553169
Pants 490,442.6,3.1,3,XXL,Men,2025-06-04T09:51:48.553360
Jacket 492,375.74,3.0,3,M,Unisex,2025-06-04T09:51:48.553741
Crewneck 493,316.97,4.8,3,L,Men,2025-06-04T09:51:48.553932
T-shirt 494,86.88,3.4,3,XL,Women,2025-06-04T09:51:48.554127
Hoodie 495,103.95,4.5,3,XXL,Unisex,2025-06-04T09:51:48.554318
Outerwear 497,247.36,4.4,3,M,Women,2025-06-04T09:51:48.554710
Jacket 498,275.8,4.6,3,L,Unisex,2025-06-04T09:51:48.554901
Crewneck 499,489.12,4.1,3,XL,Men,2025-06-04T09:51:48.555092
T-shirt 500,507.15,4.2,3,XXL,Women,2025-06-04T09:51:48.555282
Pants 502,445.78,4.4,3,M,Men,2025-06-04T09:51:49.654590
Outerwear 503,307.78,4.8,3,L,Women,2025-06-04T09:51:49.654785
Jacket 504,501.53,5.0,3,XL,Unisex,2025-06-04T09:51:49.654975
Crewneck 505,546.73,4.3,3,XXL,Men,2025-06-04T09:51:49.655170
T-shirt 506,535.75,3.6,3,S,Women,2025-06-04T09:51:49.655361
Hoodie 507,427.75,4.7,3,M,Unisex,2025-06-04T09:51:49.655561
Pants 508,485.38,3.5,3,L,Men,2025-06-04T09:51:49.655754
Outerwear 509,448.65,3.1,3,XL,Women,2025-06-04T09:51:49.655944
Jacket 510,97.63,3.4,3,XXL,Unisex,2025-06-04T09:51:49.656155
T-shirt 512,269.98,3.7,3,M,Women,2025-06-04T09:51:49.656796
Hoodie 513,105.86,4.4,3,L,Unisex,2025-06-04T09:51:49.657175
Pants 514,430.56,3.9,3,XL,Men,2025-06-04T09:51:49.657367
Outerwear 515,453.91,3.1,3,XXL,Women,2025-06-04T09:51:49.657558
Jacket 516,445.67,3.4,3,S,Unisex,2025-06-04T09:51:49.657749
Crewneck 517,66.83,3.5,3,M,Men,2025-06-04T09:51:49.657939
T-shirt 518,160.98,4.1,3,L,Women,2025-06-04T09:51:49.658130
Hoodie 519,139.76,4.5,3,XL,Unisex,2025-06-04T09:51:49.658323
Pants 520,144.27,3.8,3,XXL,Men,2025-06-04T09:51:49.658513
Jacket 522,393.31,4.0,3,M,Unisex,2025-06-04T09:51:50.757401
Crewneck 523,226.67,4.6,3,L,Men,2025-06-04T09:51:50.757649
T-shirt 524,58.5,3.8,3,XL,Women,2025-06-04T09:51:50.757843
Hoodie 525,494.94,3.6,3,XXL,Unisex,2025-06-04T09:51:50.758034
Outerwear 527,291.83,3.6,3,M,Women,2025-06-04T09:51:50.758589
Jacket 528,349.74,4.0,3,L,Unisex,2025-06-04T09:51:50.759022
Crewneck 529,88.76,3.2,3,XL,Men,2025-06-04T09:51:50.759326
T-shirt 530,385.86,3.3,3,XXL,Women,2025-06-04T09:51:50.759589
Pants 532,524.45,4.1,3,M,Men,2025-06-04T09:51:50.760115
Outerwear 533,210.64,4.2,3,L,Women,2025-06-04T09:51:50.760310
Jacket 534,217.45,3.7,3,XL,Unisex,2025-06-04T09:51:50.760501
Crewneck 535,243.83,3.7,3,XXL,Men,2025-06-04T09:51:50.760691
T-shirt 536,318.28,3.0,3,S,Women,2025-06-04T09:51:50.760887
Hoodie 537,541.99,3.1,3,M,Unisex,2025-06-04T09:51:50.761077
Pants 538,383.39,3.4,3,L,Men,2025-06-04T09:51:50.761266
Outerwear 539,293.29,4.7,3,XL,Women,2025-06-04T09:51:50.761455
Jacket 540,440.74,4.4,3,XXL,Unisex,2025-06-04T09:51:50.761645
T-shirt 542,297.59,3.5,3,M,Women,2025-06-04T09:51:51.936903
Hoodie 543,544.73,4.7,3,L,Unisex,2025-06-04T09:51:51.937081
Pants 544,372.36,3.1,3,XL,Men,2025-06-04T09:51:51.937261
Outerwear 545,223.71,4.0,3,XXL,Women,2025-06-04T09:51:51.937437
Jacket 546,391.97,3.3,3,S,Unisex,2025-06-04T09:51:51.937614
Crewneck 547,335.07,3.9,3,M,Men,2025-06-04T09:51:51.937790
T-shirt 548,167.89,4.6,3,L,Women,2025-06-04T09:51:51.937967
Hoodie 549,167.95,3.7,3,XL,Unisex,2025-06-04T09:51:51.938143
Pants 550,278.13,4.9,3,XXL,Men,2025-06-04T09:51:51.938320
Jacket 552,336.27,4.1,3,M,Unisex,2025-06-04T09:51:51.938679
Crewneck 553,485.05,3.8,3,L,Men,2025-06-04T09:51:51.938856
T-shirt 554,250.07,4.5,3,XL,Women,2025-06-04T09:51:51.939033
Hoodie 555,113.1,3.0,3,XXL,Unisex,2025-06-04T09:51:51.939213
Outerwear 557,341.28,3.4,3,M,Women,2025-06-04T09:51:51.939562
Jacket 558,312.94,4.0,3,L,Unisex,2025-06-04T09:51:51.939739
Crewneck 559,99.43,3.5,3,XL,Men,2025-06-04T09:51:51.939917
T-shirt 560,430.33,4.2,3,XXL,Women,2025-06-04T09:51:51.940095
Pants 562,232.76,4.5,3,M,Men,2025-06-04T09:51:53.043961
Outerwear 563,512.34,4.7,3,L,Women,2025-06-04T09:51:53.044155
Jacket 564,519.95,4.3,3,XL,Unisex,2025-06-04T09:51:53.044348
Crewneck 565,477.2,3.5,3,XXL,Men,2025-06-04T09:51:53.044539
T-shirt 566,163.21,4.6,3,S,Women,2025-06-04T09:51:53.044734
Hoodie 567,286.01,3.2,3,M,Unisex,2025-06-04T09:51:53.044924
Pants 568,186.51,3.3,3,L,Men,2025-06-04T09:51:53.045114
Outerwear 569,310.43,4.7,3,XL,Women,2025-06-04T09:51:53.045313
Jacket 570,250.06,3.9,3,XXL,Unisex,2025-06-04T09:51:53.045505
T-shirt 572,297.27,3.2,3,M,Women,2025-06-04T09:51:53.045885
Hoodie 573,434.63,4.5,3,L,Unisex,2025-06-04T09:51:53.046074
Pants 574,151.5,3.8,3,XL,Men,2025-06-04T09:51:53.046265
Outerwear 575,219.86,3.4,3,XXL,Women,2025-06-04T09:51:53.046455
Jacket 576,50.35,3.5,3,S,Unisex,2025-06-04T09:51:53.046801
Crewneck 577,492.12,3.3,3,M,Men,2025-06-04T09:51:53.047237
T-shirt 578,497.43,4.1,3,L,Women,2025-06-04T09:51:53.047429
Hoodie 579,276.79,4.4,3,XL,Unisex,2025-06-04T09:51:53.047618
Pants 580,164.09,3.3,3,XXL,Men,2025-06-04T09:51:53.047808
Jacket 582,257.01,4.1,3,M,Unisex,2025-06-04T09:51:54.759271
Crewneck 583,358.61,4.5,3,L,Men,2025-06-04T09:51:54.759424
T-shirt 584,435.31,4.8,3,XL,Women,2025-06-04T09:51:54.759575
Hoodie 585,386.68,4.9,3,XXL,Unisex,2025-06-04T09:51:54.759733
Outerwear 587,276.56,4.4,3,M,Women,2025-06-04T09:51:54.760022
Jacket 588,310.19,4.7,3,L,Unisex,2025-06-04T09:51:54.760169
Crewneck 589,58.24,4.7,3,XL,Men,2025-06-04T09:51:54.760316
T-shirt 590,403.57,3.9,3,XXL,Women,2025-06-04T09:51:54.760462
Pants 592,425.34,4.3,3,M,Men,2025-06-04T09:51:54.760760
Outerwear 593,447.74,3.9,3,L,Women,2025-06-04T09:51:54.760907
Jacket 594,544.23,4.2,3,XL,Unisex,2025-06-04T09:51:54.761065
Crewneck 595,232.74,3.5,3,XXL,Men,2025-06-04T09:51:54.761213
T-shirt 596,518.15,4.4,3,S,Women,2025-06-04T09:51:54.761360
Hoodie 597,498.09,3.3,3,M,Unisex,2025-06-04T09:51:54.761507
Pants 598,294.63,4.1,3,L,Men,2025-06-04T09:51:54.761654
Outerwear 599,73.69,3.3,3,XL,Women,2025-06-04T09:51:54.761802
Jacket 600,400.88,3.0,3,XXL,Unisex,2025-06-04T09:51:54.761949
T-shirt 602,141.31,4.4,3,M,Women,2025-06-04T09:51:55.868209
Hoodie 603,469.47,3.1,3,L,Unisex,2025-06-04T09:51:55.868413
Pants 604,478.89,4.3,3,XL,Men,2025-06-04T09:51:55.868605
Outerwear 605,106.92,3.7,3,XXL,Women,2025-06-04T09:51:55.868798
Jacket 606,360.67,4.6,3,S,Unisex,2025-06-04T09:51:55.868990
Crewneck 607,241.1,3.1,3,M,Men,2025-06-04T09:51:55.869182
T-shirt 608,440.49,4.6,3,L,Women,2025-06-04T09:51:55.869375
Hoodie 609,184.77,4.1,3,XL,Unisex,2025-06-04T09:51:55.869567
Pants 610,282.21,3.3,3,XXL,Men,2025-06-04T09:51:55.869758
Jacket 612,200.17,3.1,3,M,Unisex,2025-06-04T09:51:55.870146
Crewneck 613,63.37,3.6,3,L,Men,2025-06-04T09:51:55.870338
T-shirt 614,151.76,3.1,3,XL,Women,2025-06-04T09:51:55.870536
Hoodie 615,299.92,4.8,3,XXL,Unisex,2025-06-04T09:51:55.870728
Outerwear 617,110.37,4.3,3,M,Women,2025-06-04T09:51:55.871113
Jacket 618,404.63,3.3,3,L,Unisex,2025-06-04T09:51:55.871307
Crewneck 619,521.29,4.4,3,XL,Men,2025-06-04T09:51:55.871501
T-shirt 620,141.89,3.3,3,XXL,Women,2025-06-04T09:51:55.871696
Pants 622,303.1,3.5,3,M,Men,2025-06-04T09:51:56.978405
Outerwear 623,456.22,4.6,3,L,Women,2025-06-04T09:51:56.978596
Jacket 624,433.95,3.9,3,XL,Unisex,2025-06-04T09:51:56.978798
Crewneck 625,489.15,4.1,3,XXL,Men,2025-06-04T09:51:56.978989
T-shirt 626,486.09,4.5,3,S,Women,2025-06-04T09:51:56.979193
Hoodie 627,77.02,3.2,3,M,Unisex,2025-06-04T09:51:56.979384
Pants 628,507.07,4.3,3,L,Men,2025-06-04T09:51:56.979575
Outerwear 629,249.87,4.4,3,XL,Women,2025-06-04T09:51:56.979766
Jacket 630,62.73,3.8,3,XXL,Unisex,2025-06-04T09:51:56.979964
T-shirt 632,269.64,3.6,3,M,Women,2025-06-04T09:51:56.980356
Hoodie 633,195.5,3.1,3,L,Unisex,2025-06-04T09:51:56.980549
Pants 634,533.48,3.9,3,XL,Men,2025-06-04T09:51:56.980748
Outerwear 635,431.07,4.1,3,XXL,Women,2025-06-04T09:51:56.980950
Jacket 636,217.27,4.5,3,S,Unisex,2025-06-04T09:51:56.981142
Crewneck 637,376.89,4.0,3,M,Men,2025-06-04T09:51:56.981333
T-shirt 638,326.31,4.6,3,L,Women,2025-06-04T09:51:56.981527
Hoodie 639,423.92,4.7,3,XL,Unisex,2025-06-04T09:51:56.981720
Pants 640,189.91,3.8,3,XXL,Men,2025-06-04T09:51:56.982064
Jacket 642,484.21,4.7,3,M,Unisex,2025-06-04T09:51:58.175601
Crewneck 643,382.25,3.2,3,L,Men,2025-06-04T09:51:58.175754
T-shirt 644,467.46,4.2,3,XL,Women,2025-06-04T09:51:58.175918
Hoodie 645,205.34,3.3,3,XXL,Unisex,2025-06-04T09:51:58.176078
Outerwear 647,269.06,3.8,3,M,Women,2025-06-04T09:51:58.176399
Jacket 648,543.72,4.5,3,L,Unisex,2025-06-04T09:51:58.176558
Crewneck 649,536.76,3.2,3,XL,Men,2025-06-04T09:51:58.176712
T-shirt 650,500.8,3.4,3,XXL,Women,2025-06-04T09:51:58.176869
Pants 652,380.31,3.3,3,M,Men,2025-06-04T09:51:58.177180
Outerwear 653,163.88,4.0,3,L,Women,2025-06-04T09:51:58.177331
Jacket 654,255.59,4.7,3,XL,Unisex,2025-06-04T09:51:58.177485
Crewneck 655,114.64,4.1,3,XXL,Men,2025-06-04T09:51:58.177636
T-shirt 656,158.67,4.2,3,S,Women,2025-06-04T09:51:58.177794
Hoodie 657,528.69,4.8,3,M,Unisex,2025-06-04T09:51:58.177946
Pants 658,391.77,3.8,3,L,Men,2025-06-04T09:51:58.178099
Outerwear 659,113.62,3.3,3,XL,Women,2025-06-04T09:51:58.178251
Jacket 660,544.7,3.5,3,XXL,Unisex,2025-06-04T09:51:58.178408
T-shirt 662,88.92,4.5,3,M,Women,2025-06-04T09:51:59.299334
Hoodie 663,442.95,4.0,3,L,Unisex,2025-06-04T09:51:59.299525
Pants 664,515.54,3.5,3,XL,Men,2025-06-04T09:51:59.299716
Outerwear 665,252.1,3.2,3,XXL,Women,2025-06-04T09:51:59.299909
Jacket 666,302.75,3.9,3,S,Unisex,2025-06-04T09:51:59.300100
Crewneck 667,109.79,3.7,3,M,Men,2025-06-04T09:51:59.300301
T-shirt 668,315.29,3.7,3,L,Women,2025-06-04T09:51:59.300492
Hoodie 669,146.63,3.3,3,XL,Unisex,2025-06-04T09:51:59.300686
Pants 670,525.42,4.8,3,XXL,Men,2025-06-04T09:51:59.300883
Jacket 672,298.51,4.5,3,M,Unisex,2025-06-04T09:51:59.301272
Crewneck 673,175.21,4.7,3,L,Men,2025-06-04T09:51:59.301462
T-shirt 674,197.29,3.1,3,XL,Women,2025-06-04T09:51:59.301761
Hoodie 675,269.68,3.2,3,XXL,Unisex,2025-06-04T09:51:59.302124
Outerwear 677,291.09,3.3,3,M,Women,2025-06-04T09:51:59.302505
Jacket 678,173.57,4.3,3,L,Unisex,2025-06-04T09:51:59.302695
Crewneck 679,398.32,3.2,3,XL,Men,2025-06-04T09:51:59.302885
T-shirt 680,510.3,3.2,3,XXL,Women,2025-06-04T09:51:59.303079
Pants 682,476.03,3.9,3,M,Men,2025-06-04T09:52:00.424534
Outerwear 683,244.21,3.6,3,L,Women,2025-06-04T09:52:00.424990
Jacket 684,443.91,3.5,3,XL,Unisex,2025-06-04T09:52:00.425381
Crewneck 685,93.49,4.6,3,XXL,Men,2025-06-04T09:52:00.425599
T-shirt 686,336.36,3.8,3,S,Women,2025-06-04T09:52:00.425802
Hoodie 687,263.8,4.7,3,M,Unisex,2025-06-04T09:52:00.426008
Pants 688,92.97,4.4,3,L,Men,2025-06-04T09:52:00.426225
Outerwear 689,121.19,4.6,3,XL,Women,2025-06-04T09:52:00.426415
Jacket 690,548.91,4.7,3,XXL,Unisex,2025-06-04T09:52:00.426616
T-shirt 692,88.53,4.1,3,M,Women,2025-06-04T09:52:00.427010
Hoodie 693,189.48,4.1,3,L,Unisex,2025-06-04T09:52:00.427202
Pants 694,154.17,3.4,3,XL,Men,2025-06-04T09:52:00.427393
Outerwear 695,59.96,3.3,3,XXL,Women,2025-06-04T09:52:00.427584
Jacket 696,321.64,4.2,3,S,Unisex,2025-06-04T09:52:00.427773
Crewneck 697,409.07,5.0,3,M,Men,2025-06-04T09:52:00.427965
T-shirt 698,152.81,4.1,3,L,Women,2025-06-04T09:52:00.428159
Hoodie 699,328.14,4.5,3,XL,Unisex,2025-06-04T09:52:00.428350
Pants 700,220.41,4.3,3,XXL,Men,2025-06-04T09:52:00.428544
Jacket 702,307.98,4.3,3,M,Unisex,2025-06-04T09:52:01.535771
Crewneck 703,184.32,4.2,3,L,Men,2025-06-04T09:52:01.535962
T-shirt 704,388.39,4.1,3,XL,Women,2025-06-04T09:52:01.536156
Hoodie 705,190.18,3.1,3,XXL,Unisex,2025-06-04T09:52:01.536348
Outerwear 707,484.14,4.4,3,M,Women,2025-06-04T09:52:01.536730
Jacket 708,533.83,4.3,3,L,Unisex,2025-06-04T09:52:01.536927
Crewneck 709,438.9,3.9,3,XL,Men,2025-06-04T09:52:01.537118
T-shirt 710,234.47,3.2,3,XXL,Women,2025-06-04T09:52:01.537314
Pants 712,94.4,4.1,3,M,Men,2025-06-04T09:52:01.537697
Outerwear 713,196.43,4.4,3,L,Women,2025-06-04T09:52:01.537888
Jacket 714,55.77,3.1,3,XL,Unisex,2025-06-04T09:52:01.538079
Crewneck 715,438.86,3.9,3,XXL,Men,2025-06-04T09:52:01.538269
T-shirt 716,225.16,4.9,3,S,Women,2025-06-04T09:52:01.538459
Hoodie 717,95.8,3.6,3,M,Unisex,2025-06-04T09:52:01.538648
Pants 718,253.57,3.2,3,L,Men,2025-06-04T09:52:01.538838
Outerwear 719,198.31,4.7,3,XL,Women,2025-06-04T09:52:01.539029
Jacket 720,126.77,3.8,3,XXL,Unisex,2025-06-04T09:52:01.539219
T-shirt 722,545.27,3.2,3,M,Women,2025-06-04T09:52:02.665859
Hoodie 723,354.05,3.4,3,L,Unisex,2025-06-04T09:52:02.666059
Pants 724,301.55,4.7,3,XL,Men,2025-06-04T09:52:02.666252
Outerwear 725,311.2,3.0,3,XXL,Women,2025-06-04T09:52:02.666450
Jacket 726,396.62,3.5,3,S,Unisex,2025-06-04T09:52:02.666642
Crewneck 727,251.5,4.8,3,M,Men,2025-06-04T09:52:02.666835
T-shirt 728,510.84,3.0,3,L,Women,2025-06-04T09:52:02.667029
Hoodie 729,401.96,3.6,3,XL,Unisex,2025-06-04T09:52:02.667231
Pants 730,451.8,4.5,3,XXL,Men,2025-06-04T09:52:02.667429
Jacket 732,412.35,3.9,3,M,Unisex,2025-06-04T09:52:02.667831
Crewneck 733,72.68,4.7,3,L,Men,2025-06-04T09:52:02.668024
T-shirt 734,428.66,4.2,3,XL,Women,2025-06-04T09:52:02.668216
Hoodie 735,291.52,4.0,3,XXL,Unisex,2025-06-04T09:52:02.668408
Outerwear 737,63.48,4.7,3,M,Women,2025-06-04T09:52:02.668788
Jacket 738,118.37,3.7,3,L,Unisex,2025-06-04T09:52:02.668984
Crewneck 739,504.56,3.3,3,XL,Men,2025-06-04T09:52:02.669175
T-shirt 740,438.54,3.4,3,XXL,Women,2025-06-04T09:52:02.669370
Pants 742,351.63,3.6,3,M,Men,2025-06-04T09:52:03.792978
Outerwear 743,354.88,3.0,3,L,Women,2025-06-04T09:52:03.793172
Jacket 744,323.48,4.1,3,XL,Unisex,2025-06-04T09:52:03.793377
Crewneck 745,180.16,3.8,3,XXL,Men,2025-06-04T09:52:03.793569
T-shirt 746,94.84,5.0,3,S,Women,2025-06-04T09:52:03.793785
Hoodie 747,395.43,4.7,3,M,Unisex,2025-06-04T09:52:03.793997
Pants 748,195.88,3.7,3,L,Men,2025-06-04T09:52:03.794203
Outerwear 749,164.21,3.2,3,XL,Women,2025-06-04T09:52:03.794394
Jacket 750,64.4,3.7,3,XXL,Unisex,2025-06-04T09:52:03.794586
T-shirt 752,464.47,3.8,3,M,Women,2025-06-04T09:52:03.794970
Hoodie 753,508.6,4.8,3,L,Unisex,2025-06-04T09:52:03.795163
Pants 754,451.86,3.1,3,XL,Men,2025-06-04T09:52:03.795353
Outerwear 755,431.9,4.6,3,XXL,Women,2025-06-04T09:52:03.795549
Jacket 756,445.5,3.1,3,S,Unisex,2025-06-04T09:52:03.795742
Crewneck 757,473.92,4.4,3,M,Men,2025-06-04T09:52:03.795934
T-shirt 758,376.62,3.1,3,L,Women,2025-06-04T09:52:03.796125
Hoodie 759,173.74,4.7,3,XL,Unisex,2025-06-04T09:52:03.796316
Pants 760,136.94,4.1,3,XXL,Men,2025-06-04T09:52:03.796507
Jacket 762,255.74,4.9,3,M,Unisex,2025-06-04T09:52:04.912861
Crewneck 763,362.04,3.9,3,L,Men,2025-06-04T09:52:04.913054
T-shirt 764,450.73,3.4,3,XL,Women,2025-06-04T09:52:04.913247
Hoodie 765,83.96,4.9,3,XXL,Unisex,2025-06-04T09:52:04.913441
Outerwear 767,259.55,4.5,3,M,Women,2025-06-04T09:52:04.913820
Jacket 768,353.88,4.9,3,L,Unisex,2025-06-04T09:52:04.914011
Crewneck 769,393.41,3.3,3,XL,Men,2025-06-04T09:52:04.914202
T-shirt 770,103.44,3.5,3,XXL,Women,2025-06-04T09:52:04.914393
Pants 772,546.76,3.4,3,M,Men,2025-06-04T09:52:04.914774
Outerwear 773,212.1,3.2,3,L,Women,2025-06-04T09:52:04.914965
Jacket 774,92.86,4.1,3,XL,Unisex,2025-06-04T09:52:04.915155
Crewneck 775,511.84,3.1,3,XXL,Men,2025-06-04T09:52:04.915345
T-shirt 776,333.32,3.7,3,S,Women,2025-06-04T09:52:04.915537
Hoodie 777,381.55,3.4,3,M,Unisex,2025-06-04T09:52:04.915738
Pants 778,377.17,4.2,3,L,Men,2025-06-04T09:52:04.916003
Outerwear 779,363.53,3.2,3,XL,Women,2025-06-04T09:52:04.916197
Jacket 780,172.97,3.4,3,XXL,Unisex,2025-06-04T09:52:04.916405
T-shirt 782,257.34,4.5,3,M,Women,2025-06-04T09:52:06.021850
Hoodie 783,156.92,3.0,3,L,Unisex,2025-06-04T09:52:06.022042
Pants 784,333.83,3.0,3,XL,Men,2025-06-04T09:52:06.022234
Outerwear 785,402.78,4.3,3,XXL,Women,2025-06-04T09:52:06.022431
Jacket 786,421.83,5.0,3,S,Unisex,2025-06-04T09:52:06.022622
Crewneck 787,287.1,4.7,3,M,Men,2025-06-04T09:52:06.022814
T-shirt 788,190.07,4.7,3,L,Women,2025-06-04T09:52:06.023007
Hoodie 789,134.58,4.0,3,XL,Unisex,2025-06-04T09:52:06.023196
Pants 790,106.77,3.2,3,XXL,Men,2025-06-04T09:52:06.023386
Jacket 792,254.31,3.8,3,M,Unisex,2025-06-04T09:52:06.023766
Crewneck 793,540.63,4.0,3,L,Men,2025-06-04T09:52:06.023956
T-shirt 794,373.94,4.0,3,XL,Women,2025-06-04T09:52:06.024149
Hoodie 795,263.1,3.9,3,XXL,Unisex,2025-06-04T09:52:06.024341
Outerwear 797,173.21,4.9,3,M,Women,2025-06-04T09:52:06.024797
Jacket 798,274.44,3.4,3,L,Unisex,2025-06-04T09:52:06.024990
Crewneck 799,253.05,4.2,3,XL,Men,2025-06-04T09:52:06.025181
T-shirt 800,464.58,4.6,3,XXL,Women,2025-06-04T09:52:06.025372
Pants 802,356.89,4.4,3,M,Men,2025-06-04T09:52:07.126704
Outerwear 803,117.21,4.3,3,L,Women,2025-06-04T09:52:07.126911
Jacket 804,278.69,3.9,3,XL,Unisex,2025-06-04T09:52:07.127104
Crewneck 805,204.17,4.8,3,XXL,Men,2025-06-04T09:52:07.127297
T-shirt 806,456.91,3.0,3,S,Women,2025-06-04T09:52:07.127492
Hoodie 807,313.5,4.7,3,M,Unisex,2025-06-04T09:52:07.127685
Pants 808,544.86,3.2,3,L,Men,2025-06-04T09:52:07.127875
Outerwear 809,447.66,3.7,3,XL,Women,2025-06-04T09:52:07.128065
Jacket 810,237.29,4.8,3,XXL,Unisex,2025-06-04T09:52:07.128262
T-shirt 812,400.38,4.2,3,M,Women,2025-06-04T09:52:07.128642
Hoodie 813,304.55,5.0,3,L,Unisex,2025-06-04T09:52:07.128833
Pants 814,69.38,4.7,3,XL,Men,2025-06-04T09:52:07.129023
Outerwear 815,374.09,4.8,3,XXL,Women,2025-06-04T09:52:07.129214
Jacket 816,103.07,4.5,3,S,Unisex,2025-06-04T09:52:07.129408
Crewneck 817,546.51,4.4,3,M,Men,2025-06-04T09:52:07.129597
T-shirt 818,322.52,3.8,3,L,Women,2025-06-04T09:52:07.129787
Hoodie 819,296.4,4.7,3,XL,Unisex,2025-06-04T09:52:07.129979
Pants 820,376.92,3.4,3,XXL,Men,2025-06-04T09:52:07.130169
Jacket 822,52.39,4.2,3,M,Unisex,2025-06-04T09:52:08.233647
Crewneck 823,381.47,4.7,3,L,Men,2025-06-04T09:52:08.233838
T-shirt 824,206.34,4.1,3,XL,Women,2025-06-04T09:52:08.234028
Hoodie 825,66.15,3.8,3,XXL,Unisex,2025-06-04T09:52:08.234220
Outerwear 827,443.19,4.8,3,M,Women,2025-06-04T09:52:08.234596
Jacket 828,145.25,4.6,3,L,Unisex,2025-06-04T09:52:08.234787
Crewneck 829,289.4,4.4,3,XL,Men,2025-06-04T09:52:08.234977
T-shirt 830,281.03,3.0,3,XXL,Women,2025-06-04T09:52:08.235167
Pants 832,247.21,4.6,3,M,Men,2025-06-04T09:52:08.235942
Outerwear 833,443.83,3.0,3,L,Women,2025-06-04T09:52:08.236134
Jacket 834,451.48,3.1,3,XL,Unisex,2025-06-04T09:52:08.236329
Crewneck 835,446.46,3.9,3,XXL,Men,2025-06-04T09:52:08.236520
T-shirt 836,379.09,4.1,3,S,Women,2025-06-04T09:52:08.236712
Hoodie 837,345.79,5.0,3,M,Unisex,2025-06-04T09:52:08.236907
Pants 838,178.05,3.1,3,L,Men,2025-06-04T09:52:08.237097
Outerwear 839,263.02,3.9,3,XL,Women,2025-06-04T09:52:08.237292
Jacket 840,510.29,3.6,3,XXL,Unisex,2025-06-04T09:52:08.237483
T-shirt 842,178.69,3.3,3,M,Women,2025-06-04T09:52:09.348662
Hoodie 843,187.32,3.6,3,L,Unisex,2025-06-04T09:52:09.348869
Pants 844,463.93,3.9,3,XL,Men,2025-06-04T09:52:09.349073
Outerwear 845,126.45,3.2,3,XXL,Women,2025-06-04T09:52:09.349275
Jacket 846,467.53,3.6,3,S,Unisex,2025-06-04T09:52:09.349533
Crewneck 847,299.37,3.7,3,M,Men,2025-06-04T09:52:09.349733
T-shirt 848,383.39,4.1,3,L,Women,2025-06-04T09:52:09.349933
Hoodie 849,488.51,3.5,3,XL,Unisex,2025-06-04T09:52:09.350137
Pants 850,259.01,4.2,3,XXL,Men,2025-06-04T09:52:09.350336
Jacket 852,173.58,4.1,3,M,Unisex,2025-06-04T09:52:09.350746
Crewneck 853,165.24,3.4,3,L,Men,2025-06-04T09:52:09.351241
T-shirt 854,100.0,4.5,3,XL,Women,2025-06-04T09:52:09.351511
Hoodie 855,203.11,5.0,3,XXL,Unisex,2025-06-04T09:52:09.351819
Outerwear 857,283.3,3.0,3,M,Women,2025-06-04T09:52:09.352225
Jacket 858,234.29,3.7,3,L,Unisex,2025-06-04T09:52:09.352426
Crewneck 859,401.16,3.0,3,XL,Men,2025-06-04T09:52:09.352631
T-shirt 860,151.21,4.7,3,XXL,Women,2025-06-04T09:52:09.352830
Pants 862,258.21,3.3,3,M,Men,2025-06-04T09:52:10.459055
Outerwear 863,66.96,4.0,3,L,Women,2025-06-04T09:52:10.459249
Jacket 864,135.5,4.5,3,XL,Unisex,2025-06-04T09:52:10.459440
Crewneck 865,425.32,3.9,3,XXL,Men,2025-06-04T09:52:10.459635
T-shirt 866,149.94,3.2,3,S,Women,2025-06-04T09:52:10.459830
Hoodie 867,81.49,3.3,3,M,Unisex,2025-06-04T09:52:10.460020
Pants 868,467.11,4.6,3,L,Men,2025-06-04T09:52:10.460223
Outerwear 869,377.52,4.5,3,XL,Women,2025-06-04T09:52:10.460415
Jacket 870,399.69,3.5,3,XXL,Unisex,2025-06-04T09:52:10.460605
T-shirt 872,83.98,4.3,3,M,Women,2025-06-04T09:52:10.460985
Hoodie 873,520.1,4.8,3,L,Unisex,2025-06-04T09:52:10.461175
Pants 874,172.2,4.4,3,XL,Men,2025-06-04T09:52:10.461376
Outerwear 875,156.67,4.6,3,XXL,Women,2025-06-04T09:52:10.461567
Jacket 876,201.61,4.6,3,S,Unisex,2025-06-04T09:52:10.461757
Crewneck 877,284.54,4.6,3,M,Men,2025-06-04T09:52:10.461948
T-shirt 878,300.61,4.7,3,L,Women,2025-06-04T09:52:10.462213
Hoodie 879,64.18,3.1,3,XL,Unisex,2025-06-04T09:52:10.462442
Pants 880,406.11,4.3,3,XXL,Men,2025-06-04T09:52:10.462665
Jacket 882,401.31,3.3,3,M,Unisex,2025-06-04T09:52:11.571779
Crewneck 883,368.82,3.6,3,L,Men,2025-06-04T09:52:11.571971
T-shirt 884,463.42,4.3,3,XL,Women,2025-06-04T09:52:11.572162
Hoodie 885,297.54,3.4,3,XXL,Unisex,2025-06-04T09:52:11.572353
Outerwear 887,487.9,3.8,3,M,Women,2025-06-04T09:52:11.572730
Jacket 888,491.83,4.2,3,L,Unisex,2025-06-04T09:52:11.572921
Crewneck 889,395.87,4.6,3,XL,Men,2025-06-04T09:52:11.573112
T-shirt 890,402.44,4.7,3,XXL,Women,2025-06-04T09:52:11.573303
Pants 892,532.21,4.4,3,M,Men,2025-06-04T09:52:11.573688
Outerwear 893,167.1,3.2,3,L,Women,2025-06-04T09:52:11.573881
Jacket 894,184.16,4.8,3,XL,Unisex,2025-06-04T09:52:11.574077
Crewneck 895,70.42,4.3,3,XXL,Men,2025-06-04T09:52:11.574268
T-shirt 896,492.11,4.9,3,S,Women,2025-06-04T09:52:11.574464
Hoodie 897,379.87,3.1,3,M,Unisex,2025-06-04T09:52:11.574656
Pants 898,525.54,4.1,3,L,Men,2025-06-04T09:52:11.574846
Outerwear 899,387.06,4.8,3,XL,Women,2025-06-04T09:52:11.575037
Jacket 900,450.89,3.3,3,XXL,Unisex,2025-06-04T09:52:11.575227
T-shirt 902,197.75,3.6,3,M,Women,2025-06-04T09:52:12.685867
Hoodie 903,163.62,4.1,3,L,Unisex,2025-06-04T09:52:12.686059
Pants 904,209.77,3.9,3,XL,Men,2025-06-04T09:52:12.686250
Outerwear 905,314.24,4.9,3,XXL,Women,2025-06-04T09:52:12.686440
Jacket 906,268.86,3.9,3,S,Unisex,2025-06-04T09:52:12.686630
Crewneck 907,545.79,4.9,3,M,Men,2025-06-04T09:52:12.686824
T-shirt 908,497.18,4.2,3,L,Women,2025-06-04T09:52:12.687014
Hoodie 909,523.99,3.6,3,XL,Unisex,2025-06-04T09:52:12.687204
Pants 910,149.7,4.7,3,XXL,Men,2025-06-04T09:52:12.687394
Jacket 912,490.83,4.9,3,M,Unisex,2025-06-04T09:52:12.687776
Crewneck 913,201.39,3.5,3,L,Men,2025-06-04T09:52:12.687966
T-shirt 914,362.45,4.6,3,XL,Women,2025-06-04T09:52:12.688163
Hoodie 915,165.57,4.2,3,XXL,Unisex,2025-06-04T09:52:12.688357
Outerwear 917,378.85,4.0,3,M,Women,2025-06-04T09:52:12.688736
Jacket 918,336.3,3.3,3,L,Unisex,2025-06-04T09:52:12.688929
Crewneck 919,522.75,4.7,3,XL,Men,2025-06-04T09:52:12.689119
T-shirt 920,231.63,3.2,3,XXL,Women,2025-06-04T09:52:12.689310
Pants 922,75.68,4.4,3,M,Men,2025-06-04T09:52:13.793094
Outerwear 923,152.24,3.7,3,L,Women,2025-06-04T09:52:13.793450
Jacket 924,235.27,3.8,3,XL,Unisex,2025-06-04T09:52:13.793889
Crewneck 925,493.8,4.5,3,XXL,Men,2025-06-04T09:52:13.794276
T-shirt 926,119.44,4.6,3,S,Women,2025-06-04T09:52:13.794479
Hoodie 927,481.65,3.5,3,M,Unisex,2025-06-04T09:52:13.794678
Pants 928,244.48,3.4,3,L,Men,2025-06-04T09:52:13.794870
Outerwear 929,78.34,3.3,3,XL,Women,2025-06-04T09:52:13.795061
Jacket 930,108.82,4.9,3,XXL,Unisex,2025-06-04T09:52:13.795253
T-shirt 932,371.1,4.2,3,M,Women,2025-06-04T09:52:13.795634
Hoodie 933,310.05,3.4,3,L,Unisex,2025-06-04T09:52:13.795824
Pants 934,140.51,3.6,3,XL,Men,2025-06-04T09:52:13.796016
Outerwear 935,378.0,4.1,3,XXL,Women,2025-06-04T09:52:13.796214
Jacket 936,385.34,3.1,3,S,Unisex,2025-06-04T09:52:13.796404
Crewneck 937,154.71,4.1,3,M,Men,2025-06-04T09:52:13.796596
T-shirt 938,253.65,3.6,3,L,Women,2025-06-04T09:52:13.796793
Hoodie 939,279.13,4.8,3,XL,Unisex,2025-06-04T09:52:13.796984
Pants 940,361.0,3.7,3,XXL,Men,2025-06-04T09:52:13.797176
Jacket 942,498.31,3.0,3,M,Unisex,2025-06-04T09:52:14.911182
Crewneck 943,285.69,4.4,3,L,Men,2025-06-04T09:52:14.911374
T-shirt 944,98.64,4.6,3,XL,Women,2025-06-04T09:52:14.911570
Hoodie 945,131.73,4.2,3,XXL,Unisex,2025-06-04T09:52:14.911762
Outerwear 947,442.48,4.6,3,M,Women,2025-06-04T09:52:14.912147
Jacket 948,287.53,3.9,3,L,Unisex,2025-06-04T09:52:14.912337
Crewneck 949,115.27,4.4,3,XL,Men,2025-06-04T09:52:14.912529
T-shirt 950,480.73,4.9,3,XXL,Women,2025-06-04T09:52:14.912724
Pants 952,447.19,3.7,3,M,Men,2025-06-04T09:52:14.913107
Outerwear 953,526.45,3.8,3,L,Women,2025-06-04T09:52:14.913300
Jacket 954,242.42,4.1,3,XL,Unisex,2025-06-04T09:52:14.913490
Crewneck 955,437.91,4.7,3,XXL,Men,2025-06-04T09:52:14.913682
T-shirt 956,278.6,3.1,3,S,Women,2025-06-04T09:52:14.913872
Hoodie 957,251.52,4.4,3,M,Unisex,2025-06-04T09:52:14.914063
Pants 958,246.64,4.8,3,L,Men,2025-06-04T09:52:14.914254
Outerwear 959,426.78,4.6,3,XL,Women,2025-06-04T09:52:14.914449
Jacket 960,365.01,4.5,3,XXL,Unisex,2025-06-04T09:52:14.914643
T-shirt 962,180.49,4.1,3,M,Women,2025-06-04T09:52:16.009054
Hoodie 963,494.76,4.6,3,L,Unisex,2025-06-04T09:52:16.009219
Pants 964,242.83,3.3,3,XL,Men,2025-06-04T09:52:16.009364
Outerwear 965,194.2,4.5,3,XXL,Women,2025-06-04T09:52:16.009509
Jacket 966,531.22,4.9,3,S,Unisex,2025-06-04T09:52:16.009653
Crewneck 967,109.0,3.5,3,M,Men,2025-06-04T09:52:16.009799
T-shirt 968,252.82,4.4,3,L,Women,2025-06-04T09:52:16.009943
Hoodie 969,264.49,3.8,3,XL,Unisex,2025-06-04T09:52:16.010088
Pants 970,59.56,4.6,3,XXL,Men,2025-06-04T09:52:16.010233
Jacket 972,454.5,4.4,3,M,Unisex,2025-06-04T09:52:16.010519
Crewneck 973,445.9,3.9,3,L,Men,2025-06-04T09:52:16.010660
T-shirt 974,298.08,3.0,3,XL,Women,2025-06-04T09:52:16.010806
Hoodie 975,301.0,3.6,3,XXL,Unisex,2025-06-04T09:52:16.010950
Outerwear 977,209.75,3.6,3,M,Women,2025-06-04T09:52:16.011233
Jacket 978,244.89,3.6,3,L,Unisex,2025-06-04T09:52:16.011376
Crewneck 979,303.03,3.4,3,XL,Men,2025-06-04T09:52:16.011520
T-shirt 980,409.0,3.1,3,XXL,Women,2025-06-04T09:52:16.011690
Pants 982,455.11,4.9,3,M,Men,2025-06-04T09:52:17.108384
Outerwear 983,360.16,3.2,3,L,Women,2025-06-04T09:52:17.108581
Jacket 984,459.34,3.8,3,XL,Unisex,2025-06-04T09:52:17.108778
Crewneck 985,389.75,4.3,3,XXL,Men,2025-06-04T09:52:17.108986
T-shirt 986,419.61,4.5,3,S,Women,2025-06-04T09:52:17.109178
Hoodie 987,250.5,4.7,3,M,Unisex,2025-06-04T09:52:17.109373
Pants 988,128.39,3.5,3,L,Men,2025-06-04T09:52:17.109564
Outerwear 989,429.34,4.2,3,XL,Women,2025-06-04T09:52:17.109764
Jacket 990,207.96,4.2,3,XXL,Unisex,2025-06-04T09:52:17.109957
T-shirt 992,302.53,4.9,3,M,Women,2025-06-04T09:52:17.110342
Hoodie 993,397.62,3.4,3,L,Unisex,2025-06-04T09:52:17.110535
Pants 994,105.86,4.4,3,XL,Men,2025-06-04T09:52:17.110726
Outerwear 995,502.92,3.2,3,XXL,Women,2025-06-04T09:52:17.110917
Jacket 996,433.9,4.3,3,S,Unisex,2025-06-04T09:52:17.111108
Crewneck 997,332.58,3.9,3,M,Men,2025-06-04T09:52:17.111298
T-shirt 998,56.75,4.2,3,L,Women,2025-06-04T09:52:17.111489
Hoodie 999,533.39,4.8,3,XL,Unisex,2025-06-04T09:52:17.111684
Pants 1000,183.64,4.7,3,XXL,Men,2025-06-04T09:52:17.111876
